<?xml version="1.0" encoding="UTF-8"?>
<!DOCTYPE mapper PUBLIC "-//mybatis.org//DTD Mapper 3.0//EN" 
						"http://mybatis.org/dtd/mybatis-3-mapper.dtd">
<mapper namespace="member">
	<insert id="addBasic">
		insert into member(id, pass, email) values (#{id},#{pass}, #{email})		
	</insert>
	<insert id="addDetail">
		insert into member_detail(id) values (#{id})		
	</insert>
	<select id="checkByIdmailAndPass" resultType="java.lang.Integer">
		select count(*) from member where (id=#{idmail} or email=#{idmail})
			 and pass=#{pass, jdbcType=VARCHAR }
	</select>
	<select id="readOneByIdOrEmail" resultType="java.util.HashMap">
		select m.*, d.* from member m join member_detail d on m.id = d.id
			where (m.id=#{idmail} or m.email=#{idmail})
	</select>
	<select id="readOneById" resultType="java.util.HashMap">
		select m.*, d.* from member m join member_detail d on m.id = d.id
			where m.id=#{id}
	</select>
	<update id="updateOneDetail">
		update detail set name=#{name}, gender=#{gender}, birth=#{birth}, address=#{address} 
			where id=#{id} 
	</update>
</mapper>













