<?xml version="1.0" encoding="UTF-8"?>
<!DOCTYPE tiles-definitions PUBLIC "-//Apache Software Foundation//DTD Tiles Configuration 3.0//EN" "http://tiles.apache.org/dtds/tiles-config_3_0.dtd">
<tiles-definitions>
	<!-- tile register -->
	<definition name="t_base" template="/WEB-INF/view/template/template.jsp">
		<put-attribute name="title" value="HUB" />
		<put-attribute name="header" value="/WEB-INF/view/template/header.jsp" />
		<put-attribute name="nav" value="/WEB-INF/view/template/nav.jsp" />
		<put-attribute name="footer" value="/WEB-INF/view/template/footer.jsp" />
	</definition>
	<!-- el support -->
	<definition name="t_expr" extends="t_base">
		<put-attribute name="section"
			expression="/WEB-INF/view/${section}.jsp" />
	</definition>
</tiles-definitions>
